Game,Rating,Reviewscore,Me - Review,Percentile,Launch Platform(s),Played on,Launch Year,Play Year,Year(s) revisited/ continued/ earlier dabbled,Hours Played,Completion,Playthroughs,DLC/ Major update played,Publisher,Developer,Franchise,Key words,First Rating,Remaster Reviewscore,Remaster Release Year,Developer2
The Legend of Zelda: Tears of the Kingdom,100,96,4,100%,Switch,Switch,2023,2023,,106,Extra,1,No,Nintendo,Nintendo,The Legend of Zelda,"Adventure, open-world, sandbox, exploration, puzzles, third-person",,,,
Hi-Fi Rush,97,89,8,98%,"XBS, PC",XBS,2023,2023,,21,Extra,2,No,Microsoft,Tango Gameworks,Hi-Fi Rush,"Action, hack and slash, rythm, linear, platforming, story-driven, third-person",,,,
Marvel's Spider-Man 2,96,90,6,96%,PS5,PS5,2023,2023,,22,Extra,1,No,Sony,Insomniac,Marvel's Spider-Man,"Story-driven, open-world, superhero, platforming, third-person",,,,
Cocoon,94,88,6,94%,"PC, PS4, PS5, XB1, XBS, Switch",XBS,2023,2023,,4,Finished,1,No,Annapurna,Geometric Interactive,Cocoon,"Puzzle, adventure, linear",,,,
Final Fantasy XVI,92,88,4,90%,PS5,PS5,2023,2023,,54,Extra,1,No,Square Enix,Square Enix,Final Fantasy,"Action-RPG, story-driven, action, third-person",,,,
Baldur's Gate 3,91,96,-5,87%,PC,PC,2023,2023,,21,Ongoing,0,No,Indie,Larian studios,Baldur's Gate,"RPG, turn-based",,,,
Lies of P,87,82,5,76%,"PC, PS4, PS5, XB1, XBS",XBS,2023,2023,,29,Extra,1,No,Indie,Neowiz Games,Lies of P,"Souslike, action-rpg, third-person",,,,
Star Wars Jedi Survivor,86,84,2,74%,"PC, PS5, XBS",PS5,2023,2023,,23,Finished,1,No,EA,Respawn,Star Wars,"Third-person, soulslike, platforming, exploration, story-driven",,,,
Aces and Adventures,85,84,1,71%,PC,PC,2023,2023,,15,Finished,,No,Yogscast Games,Triple.B.Titles,Aces and Adventures,"Deckbuilding, roguelike, strategy (turn-based)",,,,
Super Mario Bros. Wonder,84,92,-8,68%,Switch,Switch,2023,2023,,11,Finished,1,No,Nintendo,Nintendo,Super Mario (2D),"Platformer, 2D",,,,
Armored Core VI: Fires of Rubicon,82,85,-3,63%,"PC, PS4, PS5, XB1, XBS",XBS,2023,2023,,16,Finished,1,No,Bandai Namco,From Software,Armored Core,"Third-person, action, mecha",,,,
Cassette Beasts,81,86,-5,60%,"PC, XB1, XBS, NSW",PC,2023,2023,,15,Finished,1,No,Indie,Bytten Studio,Cassette Beasts,"RPG, monster collecting, open-world, top-down, turn-based",,,,
Pikmin 4,80,88,-8,57%,Switch,Switch,2023,2023,,16,Extra,1,No,Nintendo,Nintendo,Pikmin,"Third-person, puzzles, strategy",,,,
Diablo 4,79,88,-9,54%,"PS4, PS5, PC, XB1, XBS",PC,2023,2023,,72,Extra,1,No,Activision-Blizzard,Blizzard,Diablo,"Isometric, Action-RPG, hack and slash, open-world, multiplayer (co-op), looter",66,,,
The Crew Motorfest,78,76,2,50%,"PS4, PS5, XB1, XBS, PC",XBS,2023,2023,,34,Extra,,No,Ubisoft,Ivory Tower,The Crew,"Racing (arcade), open-world",,,,
Starfield,76,86,-10,45%,"PC, XBS",XBS,2023,2023,,28,Finished,1,No,Bethesda,Bethesda Softworks,Starfield,"RPG, shooter, first-person, third-person",,,,
F-Zero 99,75,80,-5,42%,Switch,Switch,2023,2023,,2,Finished,,No,Nintendo,Nintendo,F-Zero,"Racing (arcade), multiplayer",,,,
Wild Hearts,73,79,-6,36%,"PC, XB1, XBS, PS4, PS5",XBS,2023,2023,,2,Tried,0,No,EA,Koei Tecmo Games,Wild Hearts,"Action-RPG, third-person",,,,
Cities Skylines 2,72,75,-3,33%,PC,PC,2023,2023,,8,Finished,,No,Paradox Interactive,Colossal Order,Cities Skylines,Simulation (city-building),,,,
Jusant,71,82,-11,30%,"XBS, PS5, PC",XBS,2023,2023,,4,Finished,1,No,Indie,Don't Nod,Jusant,"Adventure, platforming, third-person",,,,
Assassin's Creed Mirage,71,77,-6,30%,"PC, PS4, PS5, XB1, XBS",XBS,2023,2023,,25,Extra,1,No,Ubisoft,Ubisoft Bordeaux,Assassin's Creed,"Stealth, third-person, open-world, platforming",,,,
Counter-Strike 2,70,80,-10,28%,PC,PC,2023,2023,,4,Dropped,,No,Valve,Valve,Counter-Strike,"First-person, shooter, multiplayer",,,,
20 Minutes Till Dawn,68,78,-10,23%,"PC, mobile",PC,2023,2023,,5,Finished,,No,Indie,Flanne,20 Minutes Till Dawn,"Roguelike, bullet-hell, isometric",,,,
Wo Long Fallen Dynasty,64,82,-18,15%,"PS4, XB1, PS4, XBS, PC",XBS,2023,2023,,2,Tried,0,No,Koei Tecmo,Team Ninja,Wo Long,"Action-rpg, third-person",,,,
Tchia,57,78,-21,8%,"PS4, PS5, PC",PS5,2023,2023,,8,Finished,1,No,Indie,Awaceb,Tchia,"Open-world, adventure, third-person",,,,
Forza Motorsport (2023),52,84,-32,4%,"PC, XBS",XBS,2023,2023,,20,Dropped,,No,Microsoft,Turn 10 studios,Forza,Racing (simcade),52,,,
Minecraft Legends,49,71,-22,3%,"PC, Switch, PS4, XB1, PS5, XBS",PC,2023,2023,,5,Dropped,0,No,Microsoft,Mojang,Minecraft,Strategy (real-time),,,,
Exoprimal,44,68,-24,2%,"PS4, PS5, XB1, XBS, PC",XBS,2023,2023,,2,Tried,,No,Capcom,Capcom,Exomprimal,"Multiplayer, third-person, shooter",,,,
Elden Ring,97,96,1,98%,"PS4, PS5, XB1, XBS, PC",XBS,2022,2022,2023,66,Extra,1,No,Bandai Namco,From Software,Souls,"Soulslike, action-rpg, open-world, exploration, third-person",,,,
God of War Ragnar√∂k,96,94,2,96%,"PS4, PS5",PS5,2022,2022,,33,Extra,1,No,Sony,Santa Monica Studio,God of War,"Hack and slash, third-person, story-driven",,,,
Horizon Forbidden West,91,88,3,87%,"PS4, PS5",PS5,2022,2022,2023,52,Extra,1,Yes,Sony,Guerrilla Games,Horizon,"Action-RPG, third-person, open-world, platforming, story-driven",,,,
Gran Turismo 7,89,87,2,81%,"PS4, PS5",PS5,2022,2022,2023,93,Extra,,Yes,Sony,Polyphony Digital,Gran Turismo,Racing (sim),82,,,
Vampire Survivors,88,87,1,79%,PC,PC,2022,2022,2023,33,Extra,1,No,Indie,poncle,Vampire Survivors,"Roguelike, bullet-hell, isometric",,,,
Rogue Legacy 2,87,89,-2,76%,"PC, XB1, XBS",PC,2022,2022,,14,Finished,1,Yes,Indie,Cellar Door Games,Rogue Legacy,"2D, platformer, roguelike",,,,
OlliOlli World,86,86,0,74%,"PS4, XB1, PC, Switch",PS5,2022,2022,,6,Finished,1,No,Private Division,roll7,OlliOlli,"2D, platformer, sport (skatebording)",,,,
Stray,86,84,2,74%,"PS4, PS5, PC",PS5,2022,2022,,5,Finished,1,No,Annapurna,BlueTwelve Studios,Stray,"Adventure, story-driven, puzzles, third-person",,,,
Neon White,85,89,-4,71%,"PC, Switch",PC,2022,2022,,10,Finished,1,No,Annapurna,Angel Matrix,Neon White,"First-person, platforming, action, puzzles",,,,
Splatoon 3,84,83,1,68%,Switch,Switch,2022,2022,,21,Extra,1,No,Nintendo,Nintendo,Splatoon,"Third-person, shooter, multiplayer, platforming",,,,
Citizen Sleeper,84,84,0,68%,"XB1, XBS, PC, Switch",PC,2022,2023,,5,Extra,1,Yes,Indie,Jump Over The Age,Citizen Sleeper,"Story-driven, RPG, interactive-story",,,,
Pokemon Legends Arceus,82,84,-2,63%,Switch,Switch,2022,2022,,23,Finished,1,No,Nintendo,Game Freak,Pokemon,"JRPG, monster collecting, open-world, turn-based, third-person",,,,
Kirby and the Forgotten Land,80,84,-4,57%,Switch,Switch,2022,2022,,11,Extra,1,No,Nintendo,HAL laboratory,Kirby,"Platformer, collectathon, third-person",,,,
PlateUp!,79,80,-1,54%,PC,PC,2022,2022,2023,36,Extra,,Yes,Yogscast Games,It's happening,PlateUp!,"Party, simulation (management), roguelike, top-down",,,,
Two Point Campus,79,84,-5,54%,"PC, PS4, PS5, XB1, XBS, Switch",PC,2022,2022,,16,Finished,1,No,SEGA,Two Point Studios,Two Point,Simulation (management),,,,
Teenage Mutant Ninja Turtles: Shredder's Revenge,79,87,-8,54%,"PS4,  PS5, XB1, XBS, PC, Switch",PC,2022,2022,,3,Finished,1,No,Indie,Dotemu,TMNT,"Brawler, 2D",,,,
Rollerdrome,79,80,-1,54%,"PS4, PS5, PC",PC,2022,2023,,3,Finished,1,No,Private Division,roll7,Rollderdrome,"Third-person, shooter, sports, action",,,,
Nobody Saves The World,78,80,-2,50%,"PC, XB1, XBS",XBS,2022,2022,,12,Finished,1,No,Indie,DrinkBox,Nobody Saves the World,"Action-RPG, isometric",,,,
Chained Echoes,77,90,-13,48%,"PS4, PS5, XB1, XBS, PC, Switch",XBS,2022,2023,,8,Dropped,0,No,Indie,Matthias Linda,Chained Echoes,"JRPG, story-driven, top-down",,,,
Overwatch 2,76,77,-1,45%,"PS4, PS5, XB1, XBS, PC",PS5,2022,2022,,23,Finished,,No,Activision-Blizzard,Blizzard,Overwatch,"First-person, shooter, multiplayer",,,,
Freshly Frosted,76,89,-13,45%,"PS4, XB1, PC, Switch",Switch,2022,2022,,5,Finished,1,No,Indie,The Quantum Astrophysicists Guild,Freshly Frosted,Puzzle,,,,
Pokemon Violet,74,72,2,39%,Switch,Switch,2022,2022,,33,Extra,1,No,Nintendo,Game Freak,Pokemon,"JRPG, monster collecting, open-world, third-person, turn-based",,,,
Ghostwire Tokyo,73,77,-4,36%,"PS5, PC",PS5,2022,2023,,10,Finished,1,Yes,Bethesda,Tango Gameworks,Ghostwire,"First-person, open-world, horror, action, stealth",,,,
Cult of the Lamb,72,84,-12,33%,"PS4, PS5, XB1, XBS, PC, Switch",PS5,2022,2023,,10,Finished,1,No,Devolver Digital,Massive Monster,Cult of the Lamb,"Hack and slash, simulation (management), roguelike",,,,
High on Life,72,69,3,33%,"XB1, XBS, PC",XBS,2022,2022,,8,Finished,1,No,Indie,Squanch Games,High on Life,"First-person, shooter, comedy, story-driven",,,,
Grid Legends,71,75,-4,30%,"PS4, PS5, XB1, XBS, PC",XBS,2022,2022,,17,Extra,,No,EA,Codemasters,Grid,Racing (arcade),70,,,
Warpips,71,79,-8,30%,PC,PC,2022,2022,,9,Finished,,No,Indie,Skirmish Mode Games,Warpips,Strategy (real-time),,,,
TemTem,69,76,-7,25%,"Switch, PC, PS4, PS5, XB1, XBS",PC,2022,2022,,13,Dropped,0,No,Humble Games,Crema,TemTem,"RPG, monster collecting, open-world, top-down, turn-based",,,,
Trek to Yomi,69,72,-3,25%,"XB1, XBS, PS4, PS5, PC",XBS,2022,2022,,4,Finished,1,No,Devolver Digital,Flying Wild Hog,Trek to Yomi,"2D, action",,,,
Windjammers 2,69,77,-8,25%,"Switch,PC,PS4,XB1,XBS,PS5",XBS,2022,2022,,2,Tried,,No,Indie,Dotemu,Windjammers,"Sports, party, multiplayer, top-down",,,,
Tunic,67,86,-19,20%,"PC, XB1, XBS",XBS,2022,2022,,7,Finished,1,No,Indie,Andrew Shouldice,Tunic,"Puzzles, adventure, exploration, isometric",,,,
Need for Speed Unbound,66,75,-9,19%,"PS4, XB1, PS5, XBS, PC",XBS,2022,2023,,11,Dropped,0,No,EA,Criterion Games,Need for Speed,"Racing (arcade), open-world",,,,
A Plague Tale: Requiem,63,84,-21,14%,"PS5, XBS, PC, Switch",XBS,2022,2022,,13,Finished,1,No,Focus Home Interactive,Asobo Studio,A Plague Tale,"Third-person, linear, stealth, puzzles, story-driven, survival",,,,
You Suck At Parking,62,70,-8,12%,"PC, Switch, PS4, XB1",PC,2022,2022,,3,Dropped,,Yes,Indie,Happy Volcano,You Suck at Parking,"Racing (arcade), puzzle",,,,
Lego Star Wars The Skywalker Saga,59,82,-23,9%,"PS4, PS5, PC, XB1, XBS, Switch",PS5,2022,2022,,23,Finished,1,No,Warner Bros,Traveller's Tales,Star Wars,"Action, sandbox, puzzles, third-person",,,,
Arcadeggedon,59,74,-15,9%,"XB1, XBS, PS4, PS5, PC",PS5,2022,2022,,5,Dropped,,No,Indie,Illfonic,Arcadeggedon,"Roguelike, third-person, shooter, multiplayer (co-op), multiplayer (arena), looter",,,,
Spacelines from the Far Out,58,82,-24,8%,"PC, XB1",PC,2022,2022,,2,Tried,,No,Skystone Games,Coffeenauts,Spacelines from the Far Out,"Multiplayer (co-op), party, roguelike, top-down",,,,
Lost Ark,54,82,-28,6%,PC,PC,2022,2022,,2,Tried,0,No,Amazon Games,Tripod Studio,Lost Ark,"MMO, action-RPG, isometric",,,,
Golfie,52,70,-18,4%,PC,PC,2022,2023,,1,Tried,,No,Yogscast Games,Triheart Studio,Golfie,"Sports (golf), roguelike, card, third-person",,,,
Diablo Immortal,49,65,-16,3%,"PC, mobile",Mobile,2022,2022,,17,Finished,1,No,Activision-Blizzard,Blizzard,Diablo,"Isometric, hack and slash, action-RPG, looter",,,,
CrossfireX,40,42,-2,1%,"XBS, XB1",XBS,2022,2023,,4,Finished,,Yes,Indie,Smilegate,Crossfire,"First-person, shooter, multiplayer, action",,,,Remedy
Metroid Dread,93,87,6,92%,Switch,Switch,2021,2021,2023,19,Extra,2,No,Nintendo,Mercury steam,Metroid,"Platformer, metroidvania, 2D",,,,
Forza Horizon 5,92,92,0,90%,"XBS,PC,XB1",XBS,2021,2021,"2022, 2023",67,Extra,,Yes,Microsoft,Playground games,Forza,"Racing (simcade), open-world",91,,,
Psychonauts 2,89,89,0,81%,"XBS,PC,XB1,PS4",XBS,2021,2021,,13,Finished,1,No,Microsoft,Double Fine,Psychonauts,"Platformer, puzzles, third-person",,,,
Ratchet & Clank: Rift Apart,89,88,1,81%,PS5,PS5,2021,2021,,15,One-hundred,1,No,Sony,Insomniac,Ratchet & Clank,"Platformer, action, story-driven, third-person",,,,
Death's Door,88,88,0,79%,"PC,XB1,XBS",PC,2021,2021,,7,Finished,1,No,Devolver Digital,Acid Nerve,Death's Door,"Isometric, metroidvania, hack and slash, soulslike",,,,
Guardians of the Galaxy,86,82,4,74%,"PS5,PS4,XB1,XBS,PC,Switch",PS5,2021,2021,,16,Finished,1,No,Square Enix,Eidos Montreal,Guardians of the Galaxy,"Action, linear, story-driven, third-person, shooter",,,,
Unsighted,85,85,0,71%,"NSW,XB1,PS4,PC",XBS,2021,2022,,11,Finished,1,No,Humble Games,Pixel Punk Studio,Unsighted,"Isometric, hack and slash, metroidvania",,,,
Kena: Bridge of Spirits,84,82,2,68%,"PS4,PS5,PC",PS5,2021,2021,,9,Finished,1,No,Indie,Ember Lab,Kena,"Third-person, soulslike, platforming, exploration, story-driven",,,,
Returnal,84,86,-2,68%,PS5,PS5,2021,2021,2022,11,Finished,1,Yes,Sony,Housemarque,Returnal,"Third-person, shooter, roguelike, metroidvania, bullet-hell",,,,
Ys IX: Monstrum Nox,83,80,3,65%,"PS4, PC, Switch",PS5,2021,2022,,26,Extra,1,No,NIS America,Nihon Falcom,Ys,"Action-RPG, JRPG, story-driven, third-person, hack and slash",,,,
Deathloop,82,88,-6,63%,"PS5,PC",PS5,2021,2021,,14,Finished,1,No,Bethesda,Arkane Studios,Deathloop,"First-person, shooter, stealth, sandbox, roguelike, immersive-sim",,,,
Monster Hunter Rise,81,88,-7,60%,Switch,Switch,2021,2021,,27,Dropped,0,No,Capcom,Capcom,Monster Hunter,"Action-RPG, hack and slash, third-person, multiplayer (co-op)",,,,
Halo Infinite,81,87,-6,60%,"XB1, XBS, PC",XBS,2021,2022,,14,Extra,1,No,Microsoft,Bungie,Halo,"First-person, shooter, open-world, multiplayer",,,,
Loop Hero,77,84,-7,48%,PC,PC,2021,2022,,6,Dropped,0,No,Devolver Digital,Four Quarters,Loop Hero,"Strategy (real-time), idle, card",,,,
Wildermyth,73,85,-12,36%,PC,PC,2021,2022,,6,Dropped,,No,Indie,Worldwalker Games,Wildermyth,"RPG, strategy, sandbox, story-driven, interactive-story",,,,
Hot Wheels Unleashed,72,74,-2,33%,"Switch, PS4, PS5, XBS, XB1",Switch,2021,2021,,17,Finished,,No,Indie,Milestone,Hot Wheels,Racing (arcade),,,,
Tribes of Midgard,72,75,-3,33%,"PS5, PS4, PC",PS5,2021,2022,,10,Dropped,,Yes,Gearbox Publishing,Norsfell,Tribes of Midgard,"Action-RPG, survival, roguelike, multiplayer (co-op), isometric",,,,
Buck Up and Drive!,71,70,1,30%,PC,PC,2021,2022,,1,Finished,,No,Indie,Fabio Fontez,Buck up and Drive!,Racing (arcade),,,,
Age of Empires IV,69,83,-14,25%,PC,PC,2021,2021,,3,Tried,,No,Microsoft,Relic Entertainment,Age of Empires,Strategy (real-time),,,,
Mini Motorways,68,80,-12,23%,PC,PC,2021,2021,,6,Finished,,No,Indie,Dinosaur Polo Club,Mini (transport),"Strategy, puzzle",,,,
The Riftbreaker,68,80,-12,23%,"PC, PS4, XB1",PC,2021,2022,,5,Dropped,,No,Indie,EXOR Studios,The Riftbreaker,"Strategy (RTS), base-building, isometric, bullet-hell",,,,
Mario Golf: Super Rush,67,71,-4,20%,Switch,Switch,2021,2021,,8,Finished,1,No,Nintendo,Camelot Software Planning,Mario Sports,Sports (golf),,,,
Boyfriend Dungeon,67,73,-6,20%,"PC,Switch",PC,2021,2021,,4,Finished,1,No,Indie,Kitfox Games,Boyfriend Dungeon,"Action-RPG, simulation (social), isometric",,,,
Curse of the Dead Gods,67,81,-14,20%,"PC, PS4, XB1, Switch",XBS,2021,2022,,2,Tried,,No,Focus Home Interactive,Passtech Games,Curse of the Dead Gods,"Roguelike, hack and slash, isometric",,,,
The Ascent,64,73,-9,15%,"PC, XBS, XB1",PC,2021,2021,,4,Tried,0,No,Curve Digital,Neon Giant,The Ascent,"Action-RPG, isometric, story-driven",,,,
Scarlet Nexus,60,79,-19,11%,"PS4, PS5, XB1, XBS, PC",XBS,2021,2022,,6,Dropped,0,No,Bandai Namco,Bandai Namco Studios,Scarlet Nexus,"Hack and slash, action-RPG, JRPG, story-driven, third-person",,,,
Back 4 Blood,59,76,-17,9%,"PC,XB1,PS4,PS5,XBS",PC,2021,2021,,10,Finished,1,No,Warner Bros,Turtle Rock Studios,Back 4 Blood,"First-person, shooter, multiplayer (co-op), horror, survival",,,,
Destruction Allstars,55,62,-7,6%,PS5,PS5,2021,2021,,2,Tried,,No,Sony,Lucid Games,Destruction Allstars,"Multiplayer, action, third-person",,,,
Dandy Ace,54,79,-25,6%,"PS4,XB1,PC",XBS,2021,2022,,2,Tried,,No,Indie,Mad Mimic,Dandy Ace,"Isometric, action-RPG, roguelike",,,,
F.I.S.T. Forged In Shadow Torch,47,80,-33,2%,"PS4, PS5, PC",PC,2021,2023,,3,Dropped,0,No,Billibilli,TiGames,F.I.S.T.,"2D, platformer, metroidvania",,,,
Cruis'n Blast,47,73,-26,2%,Switch,Switch,2021,2021,,3,Dropped,,No,Indie,Raw Thrills,Cruise'n Blast,Racing (arcade),,,,
Sunlight,32,78,-46,0%,PC,PC,2021,2023,,1,Finished,1,No,Indie,Krillbite Studio,Sunlight,"Adventure, first-person",,,,
Hades,98,94,4,99%,"PC, Switch",PC,2020,2020,"2021, 2023",88,Extra,,No,Indie,Supergiant,Hades,"Roguelike, isometric, hack and slash, action-RPG, story-driven",,,,
The Last of Us Part II,96,93,3,96%,PS4,PS4,2020,2020,,42,One-hundred,2,No,Sony,Naughty Dog,The Last of Us,"Third-person, cover-shooter, horror, survival, story-driven, linear",,,,
Ghost of Tsushima,93,85,8,92%,PS4,PS4,2020,2020,2021,81,One-hundred,1,Yes,Sony,Sucker Punch,Ghost of Tsushima,"Open-world, third-person, stealth, platforming, exploration, story-driven",,,,
Final Fantasy VII Remake,91,88,3,87%,PS4,PS4,2020,2020,2022,36,Extra,1,Yes,Square Enix,Square Enix,Final Fantasy,"Action-RPG, third-person, story-driven, JRPG",,,,
Demon's Souls (Remake),90,92,-2,84%,PS5,PS5,2020,2020,,19,Finished,1,No,Sony,Bluepoint Games,Souls,"Action-RPG, soulslike, third-person",,,,From Software
Ori and The Will of the Wisps,89,90,-1,81%,"PC,XB1",PC,2020,2021,,11,Finished,1,No,Microsoft,Moon Studios,Ori,"Platformer, metroidvania, 2D",,,,
Marvel's Spider-Man Miles Morales,88,85,3,79%,"PS4, PS5",PS4,2020,2020,2023,26,One-hundred,2,No,Sony,Insomniac,Marvel's Spider-Man,"Story-driven, open-world, superhero, platforming, third-person",,,,
Astro's Playroom,88,84,4,79%,PS5,PS5,2020,2020,,4,One-hundred,1,No,Sony,Asobi Team,Astro Bot,"Platformer, third-person",,,,
F1 2020,87,88,-1,76%,"PS4, XB1, PC",PS4,2020,2020,2021,126,Finished,,No,Codemasters,Codemasters,F1,Racing (simcade),,,,
Animal Crossing New Horizons,87,90,-3,76%,Switch,Switch,2020,2020,2021,45,Finished,1,Yes,Nintendo,Nintendo,Animal Crossing,"Simulation (social), top-down",,,,
Monster Sanctuary,82,80,2,63%,"PC,PS4,XB1,Switch",XBS,2020,2021,,27,Finished,1,No,Team17,Moi Rai Games,Monster Sanctuary,"2D, platformer, metroidvania, puzzles, strategy, turn-based, monster collecting",,,,
Spiritfarer,81,87,-6,60%,"PC, Switch, PS4, XB1",PC,2020,2020,,26,Finished,1,No,Indie,Thunder Lotus Games,Spiritfarer,"2D, platformer, adventure, simulation (management), story-driven",,,,
Dirt 5,80,82,-2,57%,"PS4,XB1,PC,PS5,XBS",PS5,2020,2020,2022,26,One-hundred,,Yes,Codemasters,Codemasters,Dirt,Racing (arcade),79,,,
Streets of Rage 4,77,84,-7,48%,"Switch, PC",XBS,2020,2021,,3,Dropped,1,No,Indie,Dotemu,Streets of Rage,"Brawler, 2D",,,,
Deep Rock Galactic,76,85,-9,45%,"PC, XB1",PC,2020,2021,,11,Dropped,,Yes,Coffee Stain,Ghost Ship Games,Deep Rock Galactic,"First-person, shooter, action, exploration",,,,
Immortals Fenyx Rising,75,79,-4,42%,"PS4,PS5,Switch,XB1,XBS,PC",PS5,2020,2021,,26,Finished,1,No,Ubisoft,Ubisoft Quebec,Immortals,"Open-world, third-person, puzzles",,,,
Sackboy: A Big Adventure,75,81,-6,42%,"PS4, PS5",PS5,2020,2021,,7,Finished,1,No,Sony,Sumo Digital,LittleBigPlanet,"Platformer, third-person",,,,
WRC 9,74,80,-6,39%,"PS4,XB1,PS5,PC",PS5,2020,2020,,20,One-hundred,,No,Nacon,Kylotonn,WRC,Racing (sim),,,,
Crash Bandicoot 4: Its About Time,74,85,-11,39%,"PS4, XB1",PS4,2020,2020,,11,Finished,1,No,Activision-Blizzard,Toys for Bob,Crash Bandicoot,"Platformer, third-person",,,,
Call of Duty Black Ops Cold War,74,75,-1,39%,"PS4, XB1, PC",PS5,2020,2023,,8,Finished,1,No,Activision-Blizzard,Treyarch,Call of Duty,"First-person, shooter, multplayer",,,,
Dreams,74,90,-16,39%,PS4,PS4,2020,2020,2023,14,Finished,,No,Sony,Media Molecule,Dreams,"Platformer, sandbox, user creation",,,,
Bugsnax,73,75,-2,36%,"PS4, PS5, PC",PS5,2020,2020,,7,Finished,1,No,Indie,Young Horses,Bugsnax,"Adventure, exploration, story-driven, first-person",,,,
Hyrule Warriors Age of Calamity,72,80,-8,33%,Switch,Switch,2020,2020, ,21,Finished,1,No,Nintendo,Omega Force,The Legend of Zelda,"Hack and slash, musou, story-driven, third-person",,,,
Star Wars Squadrons,70,79,-9,28%,"PS4, XB1, PC",PS4,2020,2020,,15,Finished,1,No,EA,Motive Studios,Star Wars,"Action, first-person",,,,
Journey to the Savage Planet,69,76,-7,25%,"PS4, XB1, PC, Switch",PS4,2020,2020,,6,Finished,1,No,505 Games,Typhoon Studios,Journey to the Savage Planet,"First-person, action, multiplayer (co-op)",,,,
Cyberpunk 2077,68,76,-8,23%,"PS4, XB1, PC",PS5,2020,2020,,35,Finished,1,No,CD Projekt,CD Projekt Red,Cyberpunk,"RPG, first-person, action, stealth, open-world, story-driven",,,,
Golf With Your Friends,67,69,-2,20%,"PC,PS4,XB1,Switch",PC,2020,2020,,6,Finished,,No,Team17,Blacklight Interactive,Golf With Your Friends,Sports (golf),,,,
Fall Guys,66,80,-14,19%,"PC, PS4",PS4,2020,2020,,4,Tried,,No,Devolver Digital,Mediatonic,Fall Guys,"Multiplayer, platformer, third-person",,,,
Darksburg,63,68,-5,14%,PC,PC,2020,2021,,7,Finished,,No,Indie,Shiro Games,Darksburg,"Roguelike, action-RPG, multiplayer (co-op), isometric",,,,
Minecraft Dungeons,62,72,-10,12%,"PC, PS4, XB1, Switch",Switch,2020,2020,,8,Finished,1,No,Microsoft,Mojang,Minecraft,"Action-RPG, hack and slash, isometric, looter",,,,
Doom Eternal,60,89,-29,11%,"PS4, XB1, PC",PS4,2020,2020,,6,Dropped,0,No,Bethesda,id Software,Doom,"First-person, shooter, action",,,,
Embr,60,67,-7,11%,PC,PC,2020,2022,,3,Tried,,No,Curve Digital,Muse Games,Embr,"Multiplayer (co-op), puzzles, action, first-person",,,,
Marvel's Avengers,43,68,-25,1%,"PS4,XB1,PC",PS4,2020,2021,,14,Finished,1,No,Square Enix,Crystal Dynamics,Marvel's The Avengers,"Third-person, action-RPG, superhero, looter",,,,
Star Wars Jedi Fallen Order,90,85,5,84%,"PS4,XB1,PC",PS4,2019,2019,,28,One-hundred,1,No,EA,Respawn,Star Wars,"Third-person, soulslike, platforming, exploration, story-driven, metroidvania",,,,
A Short Hike,89,87,2,81%,PC,PC,2019,2022,,2,Extra,1,No,Indie,adamgryu,A Short Hike,"Adventure, open-world, exploration, third-person",,,,
Astral Chain,88,87,1,79%,Switch,Switch,2019,2019,,22,Finished,1,No,Nintendo,Platinum Games,Astral Chain,"Action, hack and slash, third-person",,,,
Devil May Cry 5,87,88,-1,76%,"PS4,XB1,PC",PC,2019,2019,,9,Finished,1,No,Capcom,Capcom,Devil May Cry,"Action, hack and slash, story-driven, third-person",,,,
Gears 5,84,85,-1,68%,"XB1,PC",XBS,2019,2021,,12,Finished,1,No,Microsoft,The Coalition,Gears,"Third-person, cover-shooter, linear, story-driven",,,,
F1 2019,83,86,-3,65%,PS4,PS4,2019,2019,2020,165,Finished,,No,Codemasters,Codemasters,F1,Racing (simcade),,,,
Borderlands 3,83,80,3,65%,"PS4,XB1,PC",PS4,2019,2019,2021,94,One-hundred,2,No,2K Games,Gearbox,Borderlands,"First-person, shooter, open-world, action-rpg, looter",,,,
Luigi's Mansion 3,82,86,-4,63%,Switch,Switch,2019,2019,,14,Finished,1,No,Nintendo,Next Level Games,Luigi's Mansion,"Adventure, puzzles, third-person",,,,
Apex Legends,79,86,-7,54%,PS4,PS4,2019,2019,"2022, 2023",12,Finished,,Yes,EA,Respawn,Apex Legends,"Multiplayer, first-person, shooter",,,,
Concrete Genie,79,77,2,54%,PS4,PS4,2019,2019,,6,One-hundred,1,No,Sony,PixelOpus,Concrete Genie,"Adventure, puzzles, platforming, story-driven, third-person",,,,
Kingdom Hearts 3,78,85,-7,50%,PS4,PS4,2019,2019,,27,Finished,1,No,Square Enix,Square Enix,Kingdom Hearts,"Action-RPG, hack and slash, story-driven, third-person",,,,
Ring Fit Adventure,77,83,-6,48%,Switch,Switch,2019,2019,"2020, 2021, 2022, 2023",23,Dropped,0,No,Nintendo,Nintendo,Ring Fit,"JRPG, fitness, third-person, turn-based",,,,
Sekiro Shadows Die Twice,77,90,-13,48%,"PS4,XB1,PC",PS4,2019,2019,2020,11,Tried,0,No,Activision-Blizzard,From Software,Sekiro,"Soulslike, action-rpg, third-person",,,,
A Plague Tale: Innocence,76,82,-6,45%,"PC, PS4, XB1",XBS,2019,2022,,8,Finished,1,No,Focus Home Interactive,Asobo Studio,A Plague Tale,"Third-person, linear, stealth, puzzles, story-driven, survival",,,,
Trials Rising,75,80,-5,42%,"PC, PS4, XB1, Switch",PS5,2019,2022,,9,Dropped,0,Yes,Ubisoft,RedLynx,Trials,"Racing (arcade), 2D, party",,,,
Risk of Rain 2,74,86,-12,39%,"PS4, XB1, PC",PS5,2019,2022,,6,Finished,,Yes,Gearbox Publishing,Hopoo Games,Risk of Rain,"Roguelike, third-person, shooter, multiplayer (co-op)",,,,
Dirt Rally 2.0,73,83,-10,36%,"PS4, XB1, PC",PS4,2019,2020,,14,Dropped,,No,Codemasters,Codemasters,Dirt,Racing (sim),,,,
The Legend of Zelda: Link's Awakening,73,87,-14,36%,Switch,Switch,2019,2019,,10,Finished,1,No,Nintendo,Nintendo,The Legend of Zelda,"Adventure, puzzles, top-down",,,,
Darksiders Genesis,72,79,-7,33%,"PC, PS4, XB1, Switch",PC,2019,2020,,12,Finished,1,No,THQ Nordic,Airship Syndicate,Darksiders,"Action-RPG, isometric, hack and slash",,,,
Cat Quest II,71,76,-5,30%,Switch,Switch,2019,2019,,4,Finished,1,No,Indie,The Gentlebros,Cat Quest,"Action-RPG, hack and slash, open-world, isometric, looter",,,,
Wargroove,69,83,-14,25%,"PC,Switch,PS4,XB1",Switch,2019,2019,2020,5,Dropped,0,No,Indie,Chucklefish,Wargroove,"Strategy, turn-based",,,,
GreedFall,68,75,-7,23%,"PS4,XB1,PC",PS4,2019,2019,,27,Finished,1,No,Focus Home Interactive,Spiders,GreedFall,"RPG, story-driven, third-person",,,,
Grid (2019),67,73,-6,20%,"PS4,XB1,PC",PS4,2019,2019,,34,Finished,,No,Codemasters,Codemasters,Grid,Racing (simcade),,,,
The Jackbox Party Pack 6,66,74,-8,19%,"PC, Switch, PS4, XB1",PC,2019,2019,2020,6,Finished,,No,Indie,Jackbox Studio,Jackbox,Party,,,,
Dicey Dungeons,66,82,-16,19%,PC,PC,2019,2020,,4,Tried,,No,Indie,Terry Cavanaugh,Dicey Dungeons,"Roguelike, strategy",,,,
Pokemon Sword,59,80,-21,9%,Switch,Switch,2019,2019,,35,Finished,1,No,Nintendo,Game Freak,Pokemon,"JRPG, monster collecting, turn-based, top-down",,,,
The Outer Worlds,59,85,-26,9%,"PS4, XB1, PC",XBS,2019,2023,,2,Tried,0,No,Private Division,Obsidian Entertainment,The Outer Worlds,"RPG, first-person, stealth",,,,
Outer Wilds,58,86,-28,8%,"PC,XB1",XBS,2019,2021,,3,Tried,0,No,Annapurna,Mobius Digital,Outer Wilds,"Adventure, open-world, exploration, puzzles, first-person, survival",,,,
Unrailed!,58,75,-17,8%,"PC, PS4, XB1",PS4,2019,2020,,2,Dropped,,No,Indie,Indoor Astronaut,Unrailed!,"Party, action, top-down",,,,
Need For Speed Heat,54,72,-18,6%,"PS4, XB1, PC",PS4,2019,2020,,11,Dropped,0,No,EA,Ghost Games,Need for Speed,"Racing (arcade), open-world",,,,
Control,53,84,-31,5%,PS4,PS4,2019,2020,,7,Dropped,0,No,505 Games,Remedy Entertainment,Control,"Third-person, shooter, action, story-driven, horror",,,,
God of War (2018),99,94,5,99%,PS4,PS4,2018,2018,2022,59,Extra,2,No,Sony,Santa Monica Studio,God of War,"Hack and slash, third-person, story-driven",,,,
Red Dead Redemption 2,98,97,1,99%,"PS4,XB1",PS4,2018,2018,,77,Finished,1,No,Rockstar,Rockstar,Red Dead,"Third-person, cover-shooter, open-world, story-driven",,,,
Astro Bot Rescue Mission,94,90,4,94%,PS4,PS4,2018,2018,,7,Finished,1,No,Sony,Asobi Team,Astro Bot,"Platformer, VR, third-person",,,,
Celeste,94,91,3,94%,"PC, Switch, PS4",Switch,2018,2018,,10,Finished,1,No,Indie,Matt Makes Games,Celeste,"Platformer, 2D",,,,
Marvel's Spider-Man,93,87,6,92%,PS4,PS4,2018,2018,"2019, 2023",42,One-hundred,2,Yes,Sony,Insomniac,Marvel's Spider-Man,"Story-driven, open-world, superhero, platforming, third-person",,,,
Forza Horizon 4,92,92,0,90%,"PC, XB1",PC,2018,2018,2019,41,Extra,,Yes,Microsoft,Playground games,Forza,"Racing (simcade), open-world",,,,
Super Smash Bros. Ultimate,90,93,-3,84%,Switch,Switch,2018,2018,,43,Finished,1,No,Nintendo,Sora ltd.,Super Smash Bros.,"Fighting, 2D",,,,
Tetris Effect,89,89,0,81%,PS4,PS4,2018,2018,,11,Finished,,No,Enhance Games,"Monstars, Resonairs",Tetris,"Puzzle, rhythm",,,,
Dead Cells,86,89,-3,74%,"PC,PS4,XB1,Switch",XBS,2018,2021,,3,Tried,0,No,Indie,Motion Twin,Dead Cells,"2D, platforming, metroidvania, roguelike",,,,
Crosscode,85,86,-1,71%,PC,PC,2018,2020,,43,Finished,1,No,Indie,Radical Fish Games,Crosscode,"Action-RPG, isometric, puzzles, platforming",,,,
F1 2018,83,84,-1,65%,PS4,PS4,2018,2018,2019,82,Finished,,No,Codemasters,Codemasters,F1,Racing (simcade),,,,
Overcooked 2,80,81,-1,57%,PS4,PS4,2018,2018,,9,Finished,1,No,Team17,Team17,Overcooked,"Multiplayer (co-op), simulation, puzzles, top-down",,,,
Gris,77,84,-7,48%,Switch,Switch,2018,2019,,4,Finished,1,No,Devolver Digital,Nomada Studio,Gris,"2D, platformer, adventure",,,,
Call of Duty Black Ops 4,76,85,-9,45%,PS4,PS4,2018,2018,2019,59,Finished,1,No,Activision-Blizzard,Treyarch,Call of Duty,"First-person, shooter, multiplayer",,,,
Warhammer Vermentide 2,76,83,-7,45%,PC,PC,2018,2021,,9,Finished,1,No,Indie,Fatshark,Warhammer,"First-person, action",,,,
Monster Hunter World,76,89,-13,45%,"PS4, PC",PS5,2018,2021,,7,Dropped,0,Yes,Capcom,Capcom,Monster Hunter,"Action-RPG, third-person, multiplayer (co-op)",,,,
Moss PSVR,76,85,-9,45%,PS4,PS4,2018,2019,,3,Finished,1,No,Indie,Polyarc,Moss,"Adventure, puzzles, top-down",,,,
Pokemon Let's Go Pikachu,75,81,-6,42%,Switch,Switch,2018,2018,,20,Finished,1,No,Nintendo,Game Freak,Pokemon,"JRPG, monster collecting, turn-based, top-down",,,,
Northgard,74,79,-5,39%,PC,PC,2018,2021,,15,Finished,1,No,Indie,Shiro Games,Northgard,Strategy (real-time),,,,
Wreckfest,74,80,-6,39%,PC,PS5,2018,2021,,12,Finished,,No,THQ Nordic,Bugbear Entertainment,Wreckfest,Racing (simcade),,,,
Parkitect,73,83,-10,36%,PC,PC,2018,2022,,34,Finished,,Yes,Indie,Texel Raptor,Parkitect,Simulation (management),,,,
Far Cry 5,73,82,-9,36%,"PS4, XB1, PC",XBS,2018,2022,,17,Finished,1,No,Ubisoft,Ubisoft Montreal,Far Cry,"First-person, shooter, open-world, stealth, story-driven",,,,
Fifa 19,70,81,-11,28%,PS4,PS4,2018,2019,,42,Finished,,No,EA,EA sports,Fifa,Sports (football),,,,
Detroit Become Human,69,78,-9,25%,PS4,PS4,2018,2018,,6,Finished,1,No,Sony,Quantic Dream,Detroit Become Human,"Adventure, interactive story, story-driven, third-person",,,,
Golf Peaks,68,75,-7,23%,"PC, mobile",Mobile,2018,2022,,3,Finished,1,No,Indie,Afterburn,Golf Peaks,Puzzle,,,,
Dragon Quest XI,67,86,-19,20%,PS4,PC,2018,2018,,26,Dropped,0,No,Square Enix,Square Enix,Dragon Quest,"JRPG, turn-based, third-person",,,,
Assassin's Creed Odyssey,67,85,-18,20%,PS4,PS4,2018,2018,,17,Dropped,0,No,Ubisoft,Ubisoft Quebec,Assassin's Creed,"RPG, open-world, third-person",,,,
Sea of Thieves,65,67,-2,17%,"XB1, PC",PC,2018,2020,,13,Dropped,,Yes,Microsoft,Rare,Sea of Thieves,"Open-world, sandbox, adventure, exploration, first-person",,,,
Mario Tennis Aces,65,78,-13,17%,Switch,Switch,2018,2018,,10,Finished,1,No,Nintendo,Camelot Software Planning,Mario Sports,Sports (tennis),,,,
Surviving Mars,63,77,-14,14%,"PS4, XB1, PC",PC,2018,2021,,2,Tried,,No,Paradox Interactive,Abstraction,Surviving Mars,Simulation (city-building),,,,
Shadow of the Colossus (Remake),62,92,-30,12%,PS4,PS4,2018,2018,,5,Dropped,0,No,Sony,Japan Studio,Shadow of the Colossus,"Adventure, exploration, open-world, third-person",,,,Bluepoint
For The King,56,75,-19,7%,PC,PC,2018,2021,,4,Tried,,No,Curve Digital,Ironoak Games,For The King,"Strategy, turn-based, RPG",,,,
The Crew 2,54,64,-10,6%,PS4,PS4,2018,2018,2019,12,Dropped,0,No,Ubisoft,Ivory Tower,The Crew,"Racing (arcade), open-world",50,,,
Octopath Traveller,53,83,-30,5%,Switch,Switch,2018,2018,,10,Dropped,0,No,Square Enix,Square Enix,Octopath,"JRPG, story-driven, top-down, turn-based",,,,
Farming Simulator 2019,45,64,-19,2%,"PC,PS4,XB1",PS4,2018,2020,,7,Tried,,No,Focus Home Interactive,GIANTS software,Farming Simulator,"Simulation (farming), third-person",,,,
The Legend of Zelda: Breath of the Wild,100,97,3,100%,"Switch,WiiU",Switch,2017,2017,"2018, 2023",143,Extra,1,Yes,Nintendo,Nintendo,The Legend of Zelda,"Adventure, open-world, sandbox, exploration, puzzles, third-person",,,,
Super Mario Odyssey,98,97,1,99%,Switch,Switch,2017,2017,,31,Extra,1,No,Nintendo,Nintendo,Super Mario (3D),"Platformer, collectathon, third-person",,,,
Horizon Zero Dawn,96,89,7,96%,PS4,PS4,2017,2017,,65,One-hundred,1,Yes,Sony,Guerrilla Games,Horizon,"Action, third-person, open-world, platforming, story-driven",,,,
Hollow Knight,94,90,4,94%,"PS4,XB1,Switch,PC",PC,2017,2020,,25,Finished,1,No,Indie,Team Cherry,Hollow Knight,"Platformer, metroidvania, soulslike, 2D",,,,
Uncharted The Lost Legacy,92,84,8,90%,PS4,PS4,2017,2017,2023,13,Extra,2,No,Sony,Naughty Dog,Uncharted,"Third-person, cover-shooter, story-driven, linear, puzzles, platforming, exploration",,88,2022,
Ys VIII Lacrimosa of Dana,90,85,5,84%,Vita,Switch,2017,2019,,35,Extra,1,No,NIS America,Nihon Falcom,Ys,"Action-RPG, JRPG, story-driven, third-person, hack and slash",,,,
Divinity Original Sin 2,89,93,-4,81%,PC,PC,2017,2017,2018,91,Finished,1,No,Indie,Larian studios,Divinity Original Sin,"RPG, isometric, turn-based",,,,
Persona 5,87,94,-7,76%,PS4,PS5,2017,2021,,57,Dropped,0,No,Atlus,P-Studio,Persona,"JRPG, monster collecting, story-driven, turn-based, third-person",,,,
F1 2017,84,86,-2,68%,PS4,PS4,2017,2017,2018,123,Finished,,No,Codemasters,Codemasters,F1,Racing (simcade),,,,
Golf Story,84,78,6,68%,Switch,Switch,2017,2017,,15,Extra,1,No,Indie,Sidebar Games,Golf Story,"Sports (golf), puzzle, RPG, top-down",,,,
Assassin's Creed Origins,82,81,1,63%,PS4,PS4,2017,2017,,38,Finished,1,No,Ubisoft,Ubisoft Montreal,Assassin's Creed,"Action-RPG, open-world, third-person, stealth",,,,
Mario + Rabbids Kingdom Battle,80,85,-5,57%,Switch,Switch,2017,2017,,25,Finished,1,No,Ubisoft,Ubisoft Milan,Mario + Rabbids,"Strategy, turn-based",,,,
Gran Turismo Sport,79,75,4,54%,PS4,PS4,2017,2018,"2019, 2020",112,Finished,,Yes,Sony,Polyphony Digital,Gran Turismo,Racing (sim),71,,,
Call of Duty WW2,77,79,-2,48%,PS4,PS4,2017,2017,2019,62,Finished,1,No,Activision-Blizzard,Sledgehammer Games,Call of Duty,"FPS, linear, multiplayer",,,,
Pyre,76,84,-8,45%,"PS4, PC",PC,2017,2021,,5,Dropped,0,No,Indie,Supergiant,Pyre,"Action-RPG, strategy, sports, story-driven",,,,
WipeOut Omega Collection,76,85,-9,45%,PS4,PS4,2017,2017,,13,Dropped,,No,Sony,Studio Liverpool,WipeOut,Racing (arcade),,,,
Cat Quest,70,72,-2,28%,Switch,Switch,2017,2017,,3,Finished,1,No,Indie,The Gentlebros,Cat Quest,"Action-RPG, hack and slash, open-world, isometric, looter",,,,
Nex Machina,68,84,-16,23%,"PS4,PC",PS4,2017,2020,,4,Dropped,0,No,Indie,Housemarque,Nex Machina,"Bullet-hell, roguelike, top-down",,,,
Nioh,65,88,-23,17%,PS4,PS5,2017,2023,,1,Tried,0,No,Koei Tecmo,Team Ninja,Nioh,"Soulslike, action-rpg, third-person, looter",,,,
Nier Automata,63,89,-26,14%,PS4,PS4,2017,2017,,11,Dropped,0,No,Square Enix,Platinum Games,Nier,"Action-RPG, hack and slash, open-world, story-driven, third-person",,,,
Prey,60,81,-21,11%,"PS4, XB1, PC",XBS,2017,2023,,7,Dropped,0,No,Bethesda,Arkane Studios,Prey,"First-person, stealth, RPG, survival, horror, immersive-sim",,,,
Luna,59,62,-3,9%,"PC, PS4",PC,2017,2023,,1,Finished,1,No,Indie,Funomena,Luna,Puzzle,,,,
Middle Earth: Shadow of War,57,79,-22,8%,PS4,PS4,2017,2017,,11,Dropped,0,No,Warner Bros,Monolith Productions,Middle Earth,"Action-RPG, open-world, story-driven, third-person",,,,
Doom VFR,24,70,-46,0%,PS4,PS4,2017,2019,,1,Tried,0,No,Bethesda,id Software,Doom,"First-person, shooter, VR",,,,
Uncharted 4 A Thief's End,94,93,1,94%,PS4,PS4,2016,2016,2022,38,Extra,2,Yes,Sony,Naughty Dog,Uncharted,"Third-person, cover-shooter, story-driven, linear, puzzles, platforming",,88,2022,
Forza Horizon 3,93,91,2,92%,"PC, XB1",PC,2016,2018,,15,Extra,,Yes,Microsoft,Playground games,Forza,"Racing (simcade), open-world",,,,
Titanfall 2,87,87,0,76%,"PS4,XB1,PC",PS4,2016,2019,,5,Finished,1,No,EA,Respawn,Titanfall,"First-person, shooter, linear, multiplayer",,,,
Civilization VI,86,88,-2,74%,PC,PC,2016,2016,2022,51,Finished,,No,2K Games,Firaxis,Civilization,"Strategy, turn-based",,,,
Pokemon Sun,83,87,-4,65%,3DS,3DS,2016,2016,,25,Finished,1,No,Nintendo,Game Freak,Pokemon,"JRPG, monster collecting, turn-based, top-down",,,,
F1 2016,82,82,0,63%,PS4,PS4,2016,2016,2017,130,Finished,,No,Codemasters,Codemasters,F1,Racing (simcade),,,,
Forza Motorsport 7,82,85,-3,63%,"XB1, PC",XBS,2016,2021,,53,Finished,,No,Microsoft,Turn 10 studios,Forza,Racing (simcade),,,,
Inside,81,91,-10,60%,"XB1, PS4, PC",PS5,2016,2023,,3,Finished,1,No,Indie,Playdead,Inside,"Puzzle, platforming, 2D",,,,
Overwatch,80,91,-11,57%,PS4,PS4,2016,2016,,68,Finished,,No,Activision-Blizzard,Blizzard,Overwatch,"First-person, shooter, multiplayer (arena)",,,,
Overcooked,80,80,0,57%,PS4,PS4,2016,2016,,23,Finished,1,No,Team17,Team17,Overcooked,"Multiplayer (co-op), simulation, puzzles, top-down",,,,
Stardew Valley,80,89,-9,57%,PS4,PS4,2016,2016,,20,Dropped,0,No,Indie,ConcernedApe,Stardew Valley,"Simulation (social), simulation (farming), RPG, top-down",,,,
Gears of War 4,80,84,-4,57%,"XB1, PC",XBS,2016,2021,,7,Finished,1,No,Microsoft,The Coalition,Gears,"Cover-shooter, linear, story-driven, third-person",,,,
Trackmania Turbo,78,81,-3,50%,PS4,PS4,2016,2016,2021,71,Extra,,No,Ubisoft,Nadeo,Trackmania,Racing (arcade),,,,
Ratchet & Clank,78,85,-7,50%,PS4,PS4,2016,2016,,14,Finished,1,No,Sony,Insomniac,Ratchet & Clank,"Platformer, action, story-driven, third-person",,,,
Call of Duty Infinite Warfare,77,77,0,48%,PS4,PS4,2016,2016,,14,Finished,1,No,Activision-Blizzard,Infinity Ward,Call of Duty,"First-person, shooter, multiplayer",,,,
Doom (2016),76,85,-9,45%,"PS4, XB1, PC",PS4,2016,2020,,9,Finished,1,No,Bethesda,id Software,Doom,"First-person, shooter, action",,,,
Hearts of Iron IV,75,83,-8,42%,PC,PC,2016,2017,"2018, 2019",74,Finished,,No,Paradox Interactive,Paradox,Paradox 4X,Strategy (real-time),,,,
Stellaris,72,81,-9,33%,PC,PC,2016,2020,,8,Tried,,Yes,Paradox Interactive,Paradox,Paradox 4X,Strategy (real-time),,,,
Ultimate Chicken Horse,72,79,-7,33%,"PC, PS4, XB1, Switch",PC,2016,2021,,2,Tried,,No,Indie,Clever Endeavour Games,Ultimate Chicken Horse,"2D, platformer, party",,,,
Battlefield 1,71,87,-16,30%,"PS4,XB1,PC",PS5,2016,2021,,10,Finished,1,No,EA,DICE,Battlefield,"First-person, shooter, multiplayer",,,,
Hyper Light Drifter,71,84,-13,30%,"PC, XB1, PS4",PC,2016,2022,,3,Dropped,0,No,Indie,Heart Machine,Hyper Light,"Action-RPG, isometric, adventure",,,,
Abzu,70,80,-10,28%,"PC, PS4",PC,2016,2020,,1,Finished,1,No,505 Games,Giant Squid Studios,Abzu,"Adventure, third-person",,,,
Motorsport Manager,69,81,-12,25%,PC,PC,2016,2016,2020,44,Finished,,No,Indie,Playsport Games,Motorsport Manager,Simulation (management),,,,
Watch Dogs 2,69,82,-13,25%,PS4,PS4,2016,2016,,24,Finished,1,No,Ubisoft,Ubisoft Montreal,Watch Dogs,"Open-world, stealth, third-person, cover-shooter",,,,
Clustertruck,68,76,-8,23%,PC,PC,2016,2022,2021,2,Dropped,0,No,Indie,Landfall Games,Clustertruck,"Platformer, action, puzzles, first-person",,,,
Kingdom New Lands,67,73,-6,20%,"PC, XB1, Switch",PC,2016,2020,,4,Finished,,No,Indie,Thomas van den Berg,Kingdom New Lands,"Strategy (real-time), tower-defense, simulation",,,,
Far Cry Primal,66,76,-10,19%,PS4,PS4,2016,2016,,22,Dropped,0,No,Ubisoft,Ubisoft Montreal,Far Cry,"First-person, open-world, stealth",,,,
Final Fantasy XV,65,81,-16,17%,PS4,PS4,2016,2016,,28,Finished,1,No,Square Enix,Square Enix,Final Fantasy,"Action-RPG, open-world, story-driven, third-person",,,,
Worms W.M.D,65,78,-13,17%,"PC, PS4, XB1",PC,2016,2022,,2,Tried,,No,Team17,Team17,Worms,"Strategy, multiplayer, 2D",,,,
Dragon Quest Builders,64,70,-6,15%,PS4,PS4,2016,2017,,12,Dropped,0,No,Square Enix,Square Enix,Dragon Quest,"Sandox, action-RPG, third-person",,,,
The Last Guardian,64,81,-17,15%,PS4,PS5,2016,2021,,3,Tried,0,No,Sony,Japan Studio,The Last Guardian,"Adventure, puzzle, story-driven, third-person",,,,
Human Fall Flat,61,68,-7,11%,PC,PC,2016,2020,,8,Finished,1,No,Curve Digital,Tomas Sakalauskas,Human Fall Flat,"Platformer, puzzle, multiplayer (co-op), third-person",,,,
Shoppe Keep,51,57,-6,4%,PC,PC,2016,2015,,8,Dropped,,No,Indie,Strange Fire Studios,Shoppe Keep,"Strategy (real-time), simulation (management)",,,,
VR Worlds,50,56,-6,3%,PS4,PS4,2016,2018,,5,Dropped,,No,Sony,London Studio,VR Worlds,"Compilation, first-person",,,,
Youtubers Life,46,63,-17,2%,PC,PC,2016,2016,,11,Finished,,No,Indie,U-Play Online,Youtubers Life,Simulation (life),,,,
Bloodborne,96,92,4,96%,PS4,PS4,2015,2015,2017,80,Finished,1,Yes,Sony,From Software,Souls,"Action-RPG, soulslike, third-person",,,,Japan Studio
Undertale,92,92,0,90%,PC,PC,2015,2015,,5,Finished,1,No,Indie,Nate Fox,Undertale,"RPG, story-driven, puzzles, top-down, turn-based",,,,
Rocket League,90,85,5,84%,PS4,PS4,2015,2015,"2016, 2017, 2018, 2019, 2020, 2022, 2023",564,One-hundred,,Yes,Indie,Psyonix,Rocket League,"Multiplayer (arena), sports",,,,
Cities Skylines,88,85,3,79%,PC,PC,2015,2015,"2016, 2019, 2020, 2021, 2023",366,Extra,,Yes,Paradox Interactive,Colossal Order,Cities Skylines,Simulation (city-building),83,,,
Rise of the Tomb Raider ,88,86,2,79%,XB1,PS4,2015,2020,,26,Finished,1,No,Square Enix,Crystal Dynamics,Tomb Raider,"Third-person, cover-shooter, story-driven, platforming, puzzles",,,,
Batman Arkham Knight,85,87,-2,71%,PS4,PS4,2015,2015,2023,46,Finished,2,No,Warner Bros,Rocksteady,Batman,"Third-person, open-world, superhero, platforming, story-driven",,,,
OlliOlli 2: Welcome to Olliwood,83,85,-2,65%,PS4,PS4,2015,2015,,23,Extra,1,No,Devolver Digital,Roll7,OlliOlli,"Sport (skatebording), 2D, platformer",,,,
Halo 5: Guardians,83,84,-1,65%,XB1,XBS,2015,2022,,6,Finished,1,No,Microsoft,343 industries,Halo,"First-person, shooter, linear, multiplayer",,,,
Assassin's Creed Syndicate,78,76,2,50%,PS4,PS4,2015,2015,,41,Finished,1,No,Ubisoft,Ubisoft Quebec,Assassin's Creed,"Stealth, open-world, platforming, third-person, story-driven",,,,
Ori and The Blind Forest,77,89,-12,48%,"XB1,PC",PC,2015,2020,,7,Finished,1,No,Microsoft,Moon Studios,Ori,"2D, platformer, metroidvania",,,,
The Order 1886,77,63,14,48%,PS4,PS4,2015,2015,,8,One-hundred,1,No,Sony,Ready at Dawn,The Order,"First-person, cover-shooter, linear, story-driven, horror",,,,
Call of Duty Black Ops III,75,81,-6,42%,PS4,PS4,2015,2015,,94,Finished,1,No,Activision-Blizzard,Treyarch,Call of Duty,"Multiplayer, first-person, shooter, linear",,,,
Prison Architect,74,80,-6,39%,"PC, PS4, XB1",PC,2015,2015,2019,24,Finished,,Yes,Indie,Introversion Software,Prison Architect,Simulation (management),,,,
Crypt of the Necrodancer,73,87,-14,36%,PC,PC,2015,2022,,1,Tried,0,No,Indie,Brace Yourself Games,Necrodancer,"Rythm, roguelike, top-down",,,,
The Witcher 3,70,92,-22,28%,"PS4,XB1,PC",PS4,2015,2015,,16,Dropped,0,No,CD Projekt,CD Projekt Red,The Witcher,"RPG, open-world, story-driven, third-person",,,,
Star Wars Battlefront,69,73,-4,25%,PS4,PS4,2015,2015,,42,Finished,,No,EA,DICE,Star Wars,"First-person, shooter, multiplayer",,,,
Apotheon,67,76,-9,20%,PS4,PS4,2015,2015,,30,One-hundred,1,No,Indie,Alientrap,Apotheon,"2D, platformer, action",,,,
Just Cause 3,63,73,-10,14%,PS4,PS4,2015,2017,,3,Tried,0,No,Square Enix,Avalanche Studios,Just Cause,"Action, open-world, sandbox, third-person",,,,
Project Cars,62,75,-13,12%,PS4,PS4,2015,2016,,7,Tried,,No,Bandai Namco,Slightly Mad Studios,Project Cars,Racing (sim),,,,
F1 2015,58,65,-7,8%,PS4,PS4,2015,2015,2016,90,Finished,,No,Codemasters,Codemasters,F1,Racing (simcade),,,,
Big Pharma,56,64,-8,7%,PC,PC,2015,2015,,6,Dropped,,No,Indie,Twice Circled,Big Pharma,"Simulation (management), strategy (real-time)",,,,
Clicker Heroes,51,57,-6,4%,"PC, PS4, XB1",PC,2015,2017,2018,44,Dropped,,No,Indie,Playsaurus,Clicker Heroes,Idle,,,,
Mario Kart 8,94,88,6,94%,WiiU,Switch,2014,2017,"2018, 2022, 2023",68,One-hundred,,Yes,Nintendo,Nintendo,Mario Kart,Racing (kart),92,92,2017,
Driveclub,93,71,22,92%,PS4,PS4,2014,2014,"2015, 2016",452,One-hundred,,Yes,Sony,Evolution studios,Driveclub,Racing (simcade),78,,,
Dragon Age Inquisition,92,89,3,90%,"PS4, XB1, PC",PS4,2014,2014,2015,287,One-hundred,2,Yes,EA,BioWare,Dragon Age,"RPG, open-world, story-driven, third-person",,,,
Bayonetta 2,90,91,-1,84%,WiiU,Switch,2014,2022,,8,Finished,1,No,Nintendo,Platinum Games,Bayonetta,"Action, hack and slash, third-person",,90,2018,
Transistor,86,83,3,74%,PS4,PS4,2014,2014,,16,One-hundred,1,No,Indie,Supergiant,Transistor,"Action-RPG, isometric, hack and slash, story-driven",,,,
Tales From the Borderlands,86,86,0,74%,PS4,PS4,2014,2017,,6,One-hundred,1,No,2K Games,Telltale,Borderlands,"Interactive story, story-driven, third-person",,,,
Watch Dogs,84,77,7,68%,PS4,PS4,2014,2014,,100,One-hundred,1,No,Ubisoft,Ubisoft Montreal,Watch Dogs,"Open-world, stealth, story-driven, third-person, cover-shooter",,,,
inFAMOUS Second Son,81,80,1,60%,PS4,PS4,2014,2014,,46,One-hundred,1,No,Sony,Sucker Punch,inFAMOUS,"Open-world, sandbox, third-person, superhero, story-driven",,,,
Assassin's Creed Unity,81,70,11,60%,PS4,PS4,2014,2014,,61,Extra,1,Yes,Ubisoft,Ubisoft Montreal,Assassin's Creed,"Stealth, open-world, platforming, third-person, story-driven",,,,
Far Cry 4,79,85,-6,54%,PS4,PS4,2014,2014,,72,One-hundred,1,No,Ubisoft,Ubisoft Montreal,Far Cry,"First-person, shooter, open-world, stealth, story-driven",,,,
Middle Earth Shadow of Mordor,79,84,-5,54%,PS4,PS4,2014,2014,,36,Finished,1,No,Warner Bros,Monolith Productions,Middle Earth,"Third-person, open-world, action, story-driven",,,,
Call of Duty Advanced Warfare,78,83,-5,50%,PS4,PS4,2014,2014,,160,Finished,1,No,Activision-Blizzard,Sledgehammer Games,Call of Duty,"First-person, shooter, multiplayer, linear",,,,
Pokemon Omega Ruby,78,83,-5,50%,3DS,3DS,2014,2014,,25,Finished,1,No,Nintendo,Game Freak,Pokemon,"JRPG, monster collecting, turn-based, top-down",,,,
Trials Fusion,76,79,-3,45%,"PC, PS4, XB1",PS5,2014,2022,,8,Finished,1,No,Ubisoft,RedLynx,Trials,"Racing (arcade), 2D, platforming, party",,,,
Destiny,74,76,-2,39%,"PS3, X360, PS4, XB1",PS4,2014,2014,,167,Finished,1,No,Activision-Blizzard,Bungie,Destiny,"First-person, shooter, multiplayer, open-world, looter",,,,
Borderlands The Pre-Sequel,74,75,-1,39%,PS4,PS4,2014,2014,,30,Finished,1,No,2K Games,Gearbox,Borderlands,"First-person, shooter, action-rpg, open-world, looter",,,,
Dungeon of the Endless,74,79,-5,39%,PC,PC,2014,2021,,14,Finished,,No,Indie,Amplitude Studios,Dungeon of the Endless,"Roguelike, strategy (tower-defense)",,,,
Football Manager 2015,73,80,-7,36%,PC,PC,2014,2014,2015,98,Extra,,No,SEGA,Sports Interactive,Football Manager,"Sports (football), simulation (management)",,,,
Infamous First Light,71,73,-2,30%,PS4,PS4,2014,2014,,8,One-hundred,1,No,Sony,Sucker Punch,inFAMOUS,"Open-world, sandbox, third-person, superhero, story-driven",,,,
The Crew,70,61,9,28%,PS4,PS4,2014,2016,,26,Finished,1,No,Ubisoft,Ivory Tower,The Crew,"Racing (arcade), open-world",,,,
Assassin's Creed Rogue,70,72,-2,28%,"PS3, X360",PS4,2014,2019,,12,Finished,1,No,Ubisoft,Ubisoft Sofia,Assassin's Creed,"Stealth, open-world, platforming, third-person",,71,2018,
Velocity 2X,70,85,-15,28%,"PS4, XB1, PC",PS4,2014,2014,,6,Dropped,0,No,Indie,FuturLab,Velocity 2X,"Bullet-hell, shoot 'em up, 2D",,,,
Endless Legend,68,82,-14,23%,PC,PC,2014,2015,,8,Finished,,No,SEGA,Amplitude Studios,Endless Legend,Strategy (turn-based),,,,
Sportsfriends,68,80,-12,23%,"PS4, PC",PS4,2014,2014,,4,Finished,,No,Indie,Die Gute Fabrik,Sportsfriends,"Party, 2D",,,,
Grid Autosport,65,78,-13,17%,"PS3,X360",Switch,2014,2019,,20,Dropped,,No,Codemasters,Codemasters,Grid,Racing (simcade),,,,
Civilization Beyond Earth,64,81,-17,15%,PC,PC,2014,2014,,6,Dropped,,No,2K Games,Firaxis,Civilization,Strategy (turn-based),,,,
Banished,63,74,-11,14%,PC,PC,2014,2014,,23,Dropped,,No,Indie,Shining Rock Software,Banished,"Strategy (real-time), simulation (city-building)",,,,
Dead Nation: Apocalypse Edition,56,71,-15,7%,PS4,PS4,2014,2014,,3,Tried,0,No,Sony,Housemarque,Dead Nation,"Bullet-hell, isometric, survival",,,,
Little Big Planet 3,55,79,-24,6%,PS4,PS4,2014,2014,,7,Dropped,0,No,Sony,Sumo Digital,LittleBigPlanet,"2D, platformer, multiplayer (co-op)",,,,
Pure Pool,51,73,-22,4%,"PS4, PC, XB1",PS5,2014,2022,,3,Dropped,,No,Indie,VooFoo Studios,Pure Pool,Sports (other),,,,
Game of Thrones Telltale,48,69,-21,3%,PS4,PS4,2014,2015,,6,One-hundred,1,No,Telltale,Telltale,Game of Thrones,"Adventure, interactive story",,,,
The Last of Us,99,95,4,99%,PS4,PS4,2013,2014,,35,Finished,1,Yes,Sony,Naughty Dog,The Last of Us,"Horror, third-person, stealth, survival, story-driven, linear, cover-shooter",,94,2014,
Grand Theft Auto V,95,97,-2,95%,"PS3,X360",PS4,2013,2014,"2015, 2016, 2022",721,Extra,1,Yes,Rockstar,Rockstar,Grand Theft Auto,"Third person, cover-shooter, open-world, sandbox",97,97,2014,
Bioshock Infinite,95,94,1,95%,"PS3, X360, PC",PS5,2013,2022,,9,Finished,1,No,2K Games,Irrational Games,Bioshock,"First-person, shooter, action, story-driven, linear",,,,
Rayman Legends,92,90,2,90%,"WiiU, PS3, X360",PS4,2013,2014,,31,Extra,1,No,Ubisoft,Ubisoft Montpellier,Rayman,"Platformer, 2D",,90,2014,
Assassin's Creed IV Black Flag,88,83,5,79%,PS4,PS4,2013,2013,2014,111,Extra,1,No,Ubisoft,Ubisoft Montreal,Assassin's Creed,"Stealth, open-world, platforming, third-person",,,,
Super Mario 3D World,88,93,-5,79%,WiiU,Switch,2013,2021,,14,Extra,1,Yes,Nintendo,Nintendo,Super Mario (3D),"Platformer, collectathon, third-person",,89,2021,
Tearaway,85,87,-2,71%,Vita,Vita,2013,2014,,8,Finished,1,No,Sony,Media Molecule,Tearaway,"Platformer, third-person",,,,
Europa Universalis IV,84,87,-3,68%,PC,PC,2013,2015,"2016, 2017, 2018, 2019, 2020",351,Extra,,Yes,Paradox Interactive,Paradox,Paradox 4X,Strategy,80,,,
Tomb Raider,83,85,-2,65%,PS4,PS4,2013,2015,,10,Finished,1,No,Square Enix,Crystal Dynamics,Tomb Raider,"Third-person, cover-shooter, linear, story-driven, platforming, puzzles",,,,
Resogun,81,84,-3,60%,PS4,PS4,2013,2013,,27,One-hundred,1,No,Sony,Housemarque,Resogun,"Action, bullet-hell, roguelike, 2D",,,,
Fifa 14,81,85,-4,60%,"PS3, PS4, X360, XB1",PS4,2013,2013,2014,300,Extra,,No,EA,EA sports,Fifa,Sports (football),,,,
Path of Exile,81,93,-12,60%,PC,PC,2013,2019,,39,Finished,1,Yes,Indie,Grinding Gear Games,Path of Exile,"Action-RPG, isometric, hack and slash, looter",73,,,
Pokemon Y,79,86,-7,54%,3DS,3DS,2013,2013,,20,Finished,1,No,Nintendo,Game Freak,Pokemon,"JRPG, monster collecting, turn-based, top-down",,,,
Football Manager 2014,77,85,-8,48%,PC,PC,2013,2014,2014,74,Finished,,No,SEGA,Sports Interactive,Football Manager,"Sports (football), simulation (management)",,,,
Battlefield 4,77,85,-8,48%,PS4,PS4,2013,2013,,50,Finished,1,No,EA,DICE,Battlefield,"First-person, shooter, linear, multiplayer",,,,
Guacamelee!,75,83,-8,42%,Vita,Vita,2013,2014,,3,Tried,0,No,Indie,DrinkBox,Guacamelee!,"2D, platformer, metroidvania",,,,
Warframe,74,71,3,39%,PC,PC,2013,2018,,51,Dropped,0,Yes,Indie,Digital Extremes,Warframe,"Third-person, shooter, action-RPG, looter",60,,,
Don't Starve,70,79,-9,28%,PC,PS4,2013,2014,,6,Dropped,,No,Indie,Klei Entertainment,Don't Starve,"Survival, horror, top-down",,,,
Killzone Shadow Fall,69,73,-4,25%,PS4,PS4,2013,2013,,38,Finished,1,No,Sony,Guerrilla Games,Killzone,"First-person, shooter, linear, multiplayer",,,,
Assassin's Creed Freedom Cry,68,70,-2,23%,PS4,PS4,2013,2017,,5,Finished,1,No,Ubisoft,Ubisoft Montreal,Assassin's Creed,"Stealth, open-world, platforming, third-person",,,,
War Thunder,65,75,-10,17%,"PS4, PC",PS4,2013,2013,,15,Dropped,,No,Indie,Gaijin Entertainment,War Thunder,"Multiplayer (online), action",,,,
Lyne,64,86,-22,15%,"Mobile, PC",Mobile,2013,2022,,3,Dropped,,No,Indie,Thomas Bowker,Lyne,Puzzle,,,,
Democracy 3,52,70,-18,4%,PC,PC,2013,2013,2020,13,Finished,,No,Indie,Positech Games,Democracy,Simulation (management),,,,
Contrast,43,59,-16,1%,PS4,PS4,2013,2013,,2,Dropped,0,No,Focus Home Interactive,Compulsion Games,Contrast,"Puzzle, third-person",,,,
Fifa 14 Legacy Edition,37,38,-1,0%,"Vita, WiiU",Vita,2013,2013,,10,Tried,,No,EA,EA Sports,Fifa,Sports (football),,,,
Mass Effect 3,94,93,1,94%,"PS3, X360, PC",XBS,2012,2022,,28,Extra,1,Yes,EA,BioWare,Mass Effect,"Third-person, cover-shooter, RPG, story-driven",,87,2021,
Guild Wars 2,93,90,3,92%,PC,PC,2012,2012,2013,640,Finished,,Yes,ArenaNet,ArenaNet,Guild Wars,"RPG, MMO, third-person",,,,
Diablo 3,88,88,0,79%,PC,PC,2012,2012,"2013, 2014, 2015, 2016, 2017, 2018, 2019, 2020, 2023",1360,One-hundred,10,Yes,Activision-Blizzard,Blizzard,Diablo,"Isometric, Action-RPG, hack and slash, looter",80,,,
Borderlands 2,88,89,-1,79%,X360,X360,2012,2013,,50,Finished,1,No,2K Games,Gearbox,Borderlands,"First-person, shooter, open-world, action-rpg, looter",,,,
Journey,88,92,-4,79%,PS3,PS4,2012,2016,,2,Finished,1,No,Annapurna,Thatgamecompany,Journey,"Adventure, third-person",,,,
Pokemon Black 2,84,80,4,68%,DS,3DS,2012,2013,,25,Finished,1,No,Nintendo,Game Freak,Pokemon,"JRPG, monster collecting, top-down, turn-based",,,,
Halo 4,82,87,-5,63%,X360,XBS,2012,2021,,10,Finished,1,No,Microsoft,343 industries,Halo,"First-person, shooter, linear, multiplayer",,,,
Football Manager 2013,79,86,-7,54%,PC,PC,2012,2012,"2013, 2014",191,Extra,,No,SEGA,Sports Interactive,Football Manager,"Sports (football), simulation (management)",,,,
Call of Duty Black Ops II,79,83,-4,54%,"X360, PS3, PC",PC,2012,2012,2013,55,Finished,1,No,Activision-Blizzard,Treyarch,Call of Duty,"First-person, shooter, multiplayer, linear",,,,
F1 2012,78,81,-3,50%,PC,PC,2012,2012,2013,110,Finished,,No,Codemasters,Codemasters,F1,Racing (simcade),,,,
Fifa 13,78,90,-12,50%,"X360, PS3",X360,2012,2013,,50,Finished,,No,EA,EA sports,Fifa,Sports (football),,,,
Xenoblade Chronicles,78,92,-14,50%,Wii,Switch,2012,2020,,44,Finished,1,No,Nintendo,Monolith Soft,Xenoblade,"Action-RPG, open-world, story-driven, third-person",,89,2020,
Torchlight 2,78,88,-10,50%,PC,PC,2012,2012,,14,Dropped,0,No,Indie,Runic Games,Torchlight,"Isometric, Action-RPG, hack and slash, looter",,,,
XCOM: Enemy Unknown,78,89,-11,50%,"PC, PS3, X360",PC,2012,2014,,10,Dropped,0,No,2K Games,Firaxis,XCOM,"Strategy, turn-based, isometric",,,,
Spec Ops The Line,73,76,-3,36%,PC,PC,2012,2017,,5,Finished,1,No,2K Games,Yager Development,Spec Ops,"First-person, shooter, linear, story-driven",,,,
Game Dev Tycoon,66,68,-2,19%,PC,PC,2012,2012,2013,54,Extra,,No,Indie,Greenheart Games,Game Dev Tycoon,Simulation (management),,,,
Factorio,66,70,-4,19%,PC,PC,2012,2016,2020,33,Dropped,,Yes,Indie,Wube Software,Factorio,"Simulation (management), strategy",,,,
New Super Mario Bros. 2,65,78,-13,17%,3DS,3DS,2012,2012,,4,Dropped,0,No,Nintendo,Nintendo,Super Mario (2D),"2D, platformer",,,,
Awesomenauts,64,78,-14,15%,PC,PC,2012,2012,,22,Dropped,,No,Indie,Ronimo Games,Awesomenauts,Multiplayer (MOBA),,,,
Sonic & All Stars Racing Transformed,63,75,-12,14%,Vita,Vita,2012,2014,,5,Tried,,No,SEGA,Sumo Digital,Sonic,Racing (kart),,,,
Warlock - Master of the Arcane,61,71,-10,11%,PC,PC,2012,2013,,9,Dropped,,No,Paradox Interactive,Paradox,Warlock,Strategy (turn-based),,,,
Portal 2,95,95,0,95%,PC,PC,2011,2012,,14,Finished,1,No,Valve,Valve,Portal,"Puzzle, first-person",,,,
Uncharted 3 Drake's Deception,91,92,-1,87%,PS3,PS3,2011,2011,2015,32,Finished,2,No,Sony,Naughty Dog,Uncharted,"Third-person, cover-shooter, story-driven, linear, puzzles, platforming",,,,
Forza 4,90,91,-1,84%,X360,X360,2011,2013,,30,Finished,,No,Microsoft,Turn 10 studios,Forza,Racing (simcade),,,,
Minecraft,86,93,-7,74%,PC,PC,2011,2012,"2013, 2015, 2017, 2018, 2019, 2020",1100,One-hundred,,Yes,Microsoft,Mojang,Minecraft,"Sandbox, open-world, exploration, survival, first-person",,,,
Dragon Age 2,86,79,7,74%,"X360, PS3, PC",PS3,2011,2011,,50,Extra,1,No,EA,BioWare,Dragon Age,"RPG, hack and slash, story-driven, third-person",,,,
Mario Kart 7,85,85,0,71%,3DS,3DS,2011,2012,,30,Finished,,No,Nintendo,Nintendo,Mario Kart,Racing (kart),,,,
Call of Duty Modern Warfare 3,84,89,-5,68%,"X360, PS3",PS3,2011,2011,2012,100,Finished,1,No,Activision-Blizzard,Infinity Ward,Call of Duty,"First-person, shooter, multiplayer, linear",,,,
The Legend of Zelda: Skyward Sword,84,93,-9,68%,Switch,Switch,2011,2021,,25,Finished,1,No,Nintendo,Nintendo,The Legend of Zelda,"Hack and slash, adventure, puzzles, story-driven, third-person",,82,2021,
Assassin's Creed Revelations,83,80,3,65%,"X360, PS3",PS3,2011,2011,,40,Extra,1,No,Ubisoft,Ubisoft Montreal,Assassin's Creed,"Stealth, open-world, platforming, third-person, story-driven",,,,
Terraria,83,83,0,65%,PC,PC,2011,2013,"2014, 2017",33,Finished,1,Yes,Indie,Re-Logic,Terraria,"Platformer, sandbox, RPG, 2D",,,,
F1 2011,80,84,-4,57%,"X360, PS3",PS3,2011,2012,,70,Finished,,No,Codemasters,Codemasters,F1,Racing (simcade),,,,
Fifa 12,80,90,-10,57%,"X360, PS3",X360,2011,2013,,30,Dropped,,No,EA,EA sports,Fifa,Sports (football),,,,
Football Manager 2012,78,84,-6,50%,PC,PC,2011,2011,2012,87,Finished,,No,SEGA,Sports Interactive,Football Manager,"Sports (football), simulation (management)",,,,
Uncharted Golden Abyss,72,80,-8,33%,Vita,Vita,2011,2014,,7,Finished,1,No,Sony,Bend Studio,Uncharted,"Third-person, cover-shooter, story-driven, linear, puzzles, platforming",,,,
Batman Arkham City,71,94,-23,30%,"PS3, X360",PS5,2011,2023,,9,Finished,1,No,Warner Bros,Rocksteady,Batman,"Open-world, superhero, third-person, story-driven",,76,2016,
Skyrim,69,94,-25,25%,"X360, PS3",PS3,2011,2012,,10,Dropped,0,No,Bethesda,Bethesda Softworks,Skyrim,"RPG, open-world,  first-person",,,,
DC Universe Online,55,72,-17,6%,PC,PS4,2011,2013,,5,Tried,0,Yes,Warner Bros,Daybreak Game Company,DC Universe,"MMO, superhero, third-person",,,,
Super Mario Galaxy 2,97,97,0,98%,Wii,Wii,2010,2010,,20,Finished,1,No,Nintendo,Nintendo,Super Mario (3D),"Platformer, third-person",,,,
Mass Effect 2,95,96,-1,95%,"X360, PC",XBS,2010,2022,,21,Extra,1,Yes,EA,BioWare,Mass Effect,"Third-person, cover-shooter, RPG, story-driven",,87,2021,
God of War 3,94,92,2,94%,PS3,PS4,2010,2015,2023,24,Finished,2,No,Sony,Santa Monica Studio,God of War,"Hack and slash, third-person, linear, platforming",,80,2015,
Assassin's Creed Brotherhood,92,90,2,90%,"PS3, X360",PS3,2010,2011,,60,Extra,1,No,Ubisoft,Ubisoft Montreal,Assassin's Creed,"Stealth, open-world, platforming, third-person, story-driven",,,,
Halo Reach,90,91,-1,84%,X360,PC,2010,2021,,10,Finished,1,No,Microsoft,Bungie,Halo,"First-person, shooter, action, linear, multiplayer",,,,
Civilization V,89,90,-1,81%,PC,PC,2010,2013,"2014, 2015, 2016",511,Extra,,Yes,2K Games,Firaxis,Civilization,"Strategy, turn-based",,,,
Call of Duty Black Ops,89,88,1,81%,"PS3, X360, PC",PS3,2010,2010,2011,400,Extra,1,Yes,Activision-Blizzard,Treyarch,Call of Duty,"First-person, shooter, action, multiplayer, linear",,,,
Pokemon White,87,87,0,76%,DS,DS,2010,2011,,20,Finished,1,No,Nintendo,Game Freak,Pokemon,"JRPG, monster collecting, turn-based, top-down",,,,
Fifa 11,82,88,-6,63%,"X360, PS3",PS3,2010,2010,2011,20,Dropped,,No,EA,EA sports,Fifa,Sports (football),,,,
Bioshock 2,81,88,-7,60%,"PS3, X360",PS5,2010,2022,,4,Dropped,0,No,2K Games,Irrational Games,Bioshock,"First-person, shooter, immersive-sim, action",,84,2016,
Ys Seven,80,79,1,57%,PSP,PC,2010,2019,,26,Finished,1,No,XSEED Games,Nihon Falcom,Ys,"Action-RPG, JRPG, story-driven, isometric, hack and slash",,,,
F1 2010,79,84,-5,54%,"X360, PS3",PS3,2010,2011,,30,Dropped,,No,Codemasters,Codemasters,F1,Racing (simcade),,,,
Dragon Quest IX,78,87,-9,50%,DS,DS,2010,2010,,70,Finished,1,No,Square Enix,Level-5,Dragon Quest,"JRPG, turn-based, top-down",,,,
Heavy Rain,77,87,-10,48%,PS3,PS4,2010,2017,,13,Finished,1,No,Sony,Quantic Dream,Heavy Rain,"Interactive story, story-driven, third-person",,,,
Need for Speed Hot Pursuit,75,88,-13,42%,"X360, PS3",PS3,2010,2011,,8,Tried,0,No,EA,Criterion Games,Need for Speed,"Racing (arcade), open-world",,,,
2010 FIFA World Cup South Africa,73,82,-9,36%,"X360, PS3, PSP",PSP,2010,2010,,20,Finished,,No,EA,EA sports,Fifa,Sports (football),,,,
Bayonetta,69,90,-21,25%,"PS3, X360",Switch,2010,2022,,10,Finished,1,No,SEGA,Platinum Games,Bayonetta,"Action, hack and slash, third-person",,84,2018,
Uncharted 2 Among Thieves,95,96,-1,95%,PS3,PS4,2009,2015,,14,Finished,1,No,Sony,Naughty Dog,Uncharted,"Third-person, cover-shooter, story-driven, linear, puzzles, platforming",,86,2015,
Call of Duty Modern Warfare 2,91,94,-3,87%,"PS3, X360, PC",PS3,2009,2011,"2015, 2020",70,Extra,2,No,Activision-Blizzard,Infinity Ward,Call of Duty,"First-person, shooter, action, multiplayer, linear",,,,
Pokemon SoulSilver,91,87,4,87%,DS,DS,2009,2009,,40,Extra,2,No,Nintendo,Game Freak,Pokemon,"JRPG, monster collecting, top-down, turn-based",,,,
Batman Arkham Asylum,89,92,-3,81%,"X360, PS3, PC",PS5,2009,2023,,8,Finished,1,Yes,Warner Bros,Rocksteady,Batman,"Third-person, story-driven, action, superhero",,76,2016,
Dragon Age Origins,85,91,-6,71%,"PC, PS3, X360",PS3,2009,2010,,20,Dropped,0,No,EA,BioWare,Dragon Age,"RPG, story-driven, third-person",,,,
Football Manager 2010,83,87,-4,65%,PC,PC,2009,2010,2011,32,Dropped,,No,SEGA,Sports Interactive,Football Manager,"Sports (football), simulation (management)",,,,
Torchlight,75,83,-8,42%,PC,PC,2009,2012,,11,Dropped,0,No,Indie,Runic Games,Torchlight,"Isometric, Action-RPG, hack and slash, looter",,,,
Halo 3 ODST,72,83,-11,33%,X360,PC,2009,2021,,7,Finished,1,No,Microsoft,Bungie,Halo,"First-person, shooter",,,,
New Super Mario Bros. Wii,71,87,-16,30%,Wii,Wii,2009,2009,,6,Dropped,0,No,Nintendo,Nintendo,Super Mario (2D),"2D, platformer",,,,
F1 2009,68,69,-1,23%,Wii,Wii,2009,2009,2010,30,Finished,,No,Codemasters,Codemasters,F1,Racing (simcade),,,,
Mario & Sonic at the Winter Olympic Games,64,72,-8,15%,DS,DS,2009,2010,,15,Dropped,0,No,SEGA,Sonic Team,Mario Sports,"Sports, party",,,,
Super Smash Bros. Brawl,91,93,-2,87%,Wii,Wii,2008,2008,2009,60,Finished,1,No,Nintendo,Sora ltd.,Super Smash Bros.,"Fighting, platformer, 2D",,,,
Mario Kart Wii,88,82,6,79%,Wii,Wii,2008,2008,"200,920,102,011",250,One-hundred,,No,Nintendo,Nintendo,Mario Kart,Racing (kart),,,,
Football Manager 2009,84,83,1,68%,PC,PC,2008,2009,2010,220,Extra,,No,SEGA,Sports Interactive,Football Manager,"Sports (football), simulation (management)",,,,
Wii Fit,72,80,-8,33%,Wii,Wii,2008,2009,"2010, 2011",50,Finished,,No,Nintendo,Nintendo,Wii Fit,Fitness,,,,
Grand Theft Auto IV,70,98,-28,28%,PS3,X360,2008,2013,,15,Dropped,0,No,Rockstar,Rockstar,Grand Theft Auto,"Action, open-world, sandbox, third-person",,,,
Pokemon Mystery Dunegon Explorers of Time,68,60,8,23%,DS,DS,2008,2009,,30,Finished,1,No,Nintendo,Spike Chunsoft,Pokemon,"JRPG, strategy, turn-based, top-down",,,,
Animal Crossing City Folk,62,73,-11,12%,Wii,Wii,2008,2009,,20,Dropped,0,No,Nintendo,Nintendo,Animal Crossing,Simulation (social),,,,
Mario & Sonic at the Olympic Games,61,67,-6,11%,Wii,Wii,2008,2008,2009,30,Finished,,No,SEGA,Sonic Team,Mario Sports,"Sports, party",,,,
Burnout Paradise,57,88,-31,8%,"PS3, X360",PS3,2008,2011,2021,14,Finished,2,No,EA,Criterion Games,Burnout,"Racing (arcade), open-world",,79,2018,
Super Mario Galaxy,97,97,0,98%,Wii,Wii,2007,2008,2009,45,Finished,1,No,Nintendo,Nintendo,Super Mario (3D),"Platformer, third-person",,,,
Bioshock,93,96,-3,92%,"X360, PC",PS5,2007,2022,,8,Finished,1,No,2K Games,Irrational Games,Bioshock,"First-person, shooter, horror, linear, action, story-driven, immersive-sim",,84,2016,
Mass Effect,90,91,-1,84%,X360,XBS,2007,2022,,18,Finished,1,Yes,EA,BioWare,Mass Effect,"Third-person, cover-shooter, RPG, story-driven",,87,2021,
Call of Duty Modern Warfare,90,94,-4,84%,PS3,PS4,2007,2016,,8,Finished,1,No,Activision-Blizzard,Infinity Ward,Call of Duty,"First-person, shooter, action, linear, multiplayer",,,,
Halo 3,89,94,-5,81%,X360,PC,2007,2020,,10,Finished,1,No,Microsoft,Bungie,Halo,"First-person, shooter, linear, multiplayer",,,,
Football Manager 2008,86,86,0,74%,PC,PC,2007,2008,2009,150,Extra,,No,SEGA,Sports Interactive,Football Manager,"Sports (football), simulation (management)",,,,
Uncharted Drake's Fortune,85,88,-3,71%,PS3,PS4,2007,2015,,10,Finished,1,No,Sony,Naughty Dog,Uncharted,"Third-person, cover-shooter, story-driven, linear, puzzles, platforming",,86,2015,
Team Fortress 2,82,92,-10,63%,PC,PC,2007,2014,2015,20,Finished,,No,Valve,Valve,Team Fortress,"First-person, shooter, multiplayer",,,,
God of War II,80,93,-13,57%,PS2,PS5,2007,2023,,9,Finished,1,No,Sony,Santa Monica Studio,God of War,"Hack and slash, third-person, platforming, action, linear, puzzles",,,2010,
Wii Sports,75,76,-1,42%,Wii,Wii,2007,2008,,150,Extra,,No,Nintendo,Nintendo,Wii Sports,Sports,,,,
Mario Strikers Charged Football,75,79,-4,42%,Wii,Wii,2007,2008,,20,Finished,,No,Nintendo,Next Level Games,Mario Sports,"Sports (football), action",,,,
Mario Party 8,48,62,-14,3%,Wii,Wii,2007,2010,,5,Tried,,No,Nintendo,Nintendo,Mario Party,Party,,,,
Football Manager 2007,91,87,4,87%,PC,PC,2006,2007,2008,60,Finished,,No,SEGA,Sports Interactive,Football Manager,"Sports (football), simulation (management)",,,,
Pokemon Diamond,85,85,0,71%,DS,DS,2006,2007,2008,70,Extra,3,No,Nintendo,Game Freak,Pokemon,"JRPG, monster collecting, turn-based, top-down",,,,
Gears of War,85,94,-9,71%,X360,XBS,2006,2023,,6,Finished,1,No,Microsoft,Epic,Gears,"Third-person, cover-shooter, linear",,82,2015,
Lego Star Wars II: The Original Trilogy,83,84,-1,65%,PS2,PS2,2006,2007,,50,Finished,1,No,LucasArts,Traveller's Tales,Star Wars,"Action, sandbox, third-person",,,,
Grand Theft Auto Vice City Stories,81,86,-5,60%,PSP,PSP,2006,2007,,45,Dropped,0,No,Rockstar,Rockstar,Grand Theft Auto,"Open-world, sandbox, third-person, cover-shooter",,,,
Fifa 07,79,82,-3,54%,PS2,PS2,2006,2006,,200,Finished,,No,EA,EA sports,Fifa,Sports (football),,,,
Brain Training,71,77,-6,30%,DS,DS,2006,2008,,30,Finished,,No,Nintendo,Nintendo,Brain Training,"Puzzle, educational",,,,
Fifa Street 2,63,59,4,14%,PS2,PS2,2006,2007,,20,Finished,,No,EA,EA sports,Fifa,Sports (football),,,,
Buzz! Junior Jungle Party,62,70,-8,12%,PS2,PS2,2006,2007,,40,Finished,,No,Sony,Magenta Software,Buzz!,Party,,,,
God of War (2005),93,94,-1,92%,PS2,PS5,2005,2023,,7,Finished,1,No,Sony,Santa Monica Studio,God of War,"Hack and slash, third-person, platforming, action, linear",,,2010,
Mario Kart DS,92,91,1,90%,DS,DS,2005,2007,,100,One-hundred,,No,Nintendo,Nintendo,Mario Kart,Racing (kart),,,,
Psychonauts,90,87,3,84%,PC,PC,2005,2021,,11,Finished,1,No,Indie,Double Fine,Psychonauts,"Platformer, puzzles, third-person",,,,
Lego Star Wars: The Video Game,81,78,3,60%,PS2,PS2,2005,2006,,40,Finished,1,No,Eidos Interactive,Traveller's Tales,Star Wars,"Action, sandbox, third-person",,,,
Nintendogs,72,83,-11,33%,DS,DS,2005,2007,,25,Finished,,No,Nintendo,Nintendo,Nintendogs,Simulation (social),,,,
Fifa 06 Game Boy Advance,42,49,-7,1%,GBA,GBA,2005,2005,,30,Finished,,No,EA,EA sports,Fifa,Sports (football),,,,
Grand Theft Auto San Andreas,91,95,-4,87%,PS2,PS2,2004,2006,2019,25,Dropped,0,No,Rockstar,Rockstar,Grand Theft Auto,"Action, open-world, sandbox, third-person",,,,
Halo 2,87,95,-8,76%,XBOX,PC,2004,2020,,10,Finished,1,No,Microsoft,Bungie,Halo,"First-person, shooter, linear, multiplayer",,,,
Mario & Luigi Superstar Saga,83,90,-7,65%,GBA,Switch,2003,2023,,14,Finished,1,Yes,Nintendo,AlphaDream,Mario & Luigi,"JRPG, Puzzles, top-down, turn-based",,,,
Star Wars: Knights of the Old Republic,76,94,-18,45%,"PC, Xbox",PC,2003,2018,,3,Tried,0,No,LucasArts,BioWare,Star Wars,"RPG, third-person",,,,
The Simpsons Hit & Run,72,78,-6,33%,PS2,PS2,2003,2006,,15,Dropped,0,No,Vivendi,Radical Entertainment,The Simpsons,"Action, open-world, sandbox, third-person",,,,
Finding Nemo,53,63,-10,5%,"GBA, PS2",GBA,2003,2004,,5,Dropped,,No,THQ,Vicarious Visions,Finding Nemo,"Puzzles, stealth, third-person",,,,
Metroid Prime,99,97,2,99%,Gamecube,Switch,2002,2023,,21,Extra,2,No,Nintendo,Retro Studios,Metroid,"Metroidvania, first-person, shooter, platforming, exploration",,94,2023,
Rollercoaster Tycoon 2,82,74,8,63%,PC,PC,2002,2004,"2005, 2006, 2007, 2010, 2019",202,Extra,,No,Infogrames (Atari),Chris Sawyer,Rollercoaster Tycoon,Simulation (management),,,,
Halo Combat Evolved,92,97,-5,90%,Xbox,PC,2001,2020,,10,Finished,1,No,Microsoft,Bungie,Halo,"First-person, shooter, action, linear, multiplayer",,82,2011,
Metroid Fusion,90,92,-2,84%,GBA,Switch,2001,2023,,6,Finished,1,Yes,Nintendo,Nintendo,Metroid,"Metroidvania, 2D, platformer",,,,
Final Fantasy X,85,92,-7,71%,PS2,PC,2001,2022,,29,Finished,1,No,Square Enix,Square Enix,Final Fantasy,"JRPG, story-driven, turn-based, third-person",,85,2013,
Crash Bandicoot The Wrath of Cortex,62,66,-4,12%,PS2,PS2,2001,2005,,10,Dropped,0,No,Universal,Traveller's Tales,Crash Bandicoot,"Platformer, third-person",,,,
Diablo 2,61,88,-27,11%,PC,PC,2000,2023,,9,Dropped,0,Yes,Activision-Blizzard,Blizzard,Diablo,"Action-RPG, isometric, looter",,80,2021,
Gran Turismo 2,89,93,-4,81%,PS,PS,1999,2004,,10,Tried,,No,Sony,Polyphony Digital,Gran Turismo,Racing (sim),,,,
Crash Team Racing,84,88,-4,68%,PS,PS4,1999,2019,,28,Finished,1,No,Activision-Blizzard,Beenox,Crash Bandicoot,Racing (kart),,83,2019,Toys for Bob
Rollercoaster Tycoon,73,78,-5,36%,PC,PC,1999,2005,,5,Dropped,,No,Infogrames (Atari),Chris Sawyer,Rollercoaster Tycoon,Simulation (management),,,,
The Legend of Zelda: Ocarina of Time,91,99,-8,87%,N64,3DS,1998,2023,,14,Dropped,0,No,Nintendo,Nintendo,The Legend of Zelda,"Adventure, exploration, puzzles, third-person",,94,2011,
Crash Bandicoot 3: Warped,87,91,-4,76%,PS1,PS4,1998,2017,,7,Finished,1,No,Sony,Naughty Dog,Crash Bandicoot,"Platformer, third-person",,80,2017,Toys for Bob
Banjo-Kazooie,85,92,-7,71%,N64,Switch,1998,2023,,6,Dropped,0,Yes,Nintendo,Rare,Banjo-Kazooie,"Collectathon, third-person, platformer",,,,
Crash Bandicoot 2: Cortex Strikes Back,89,89,0,81%,PS1,PS4,1997,2017,,7,Finished,1,No,Sony,Naughty Dog,Crash Bandicoot,"3D platformer, third-person",,80,2017,Toys for Bob
Castlevania Symphony of the Night,74,93,-19,39%,PS,X360,1997,2022,,3,Tried,0,No,Konami,Konami,Castlevania,"Metroidvania, 2D, platformer",,,,
Super Mario 64,96,96,0,96%,N64,Switch,1996,2023,,7,Finished,1,Yes,Nintendo,Nintendo,Super Mario (3D),"Third-person, platformer",,,,
Crash Bandicoot,72,80,-8,33%,PS1,PS4,1996,2017,,8,Finished,1,No,Sony,Naughty Dog,Crash Bandicoot,"Platformer, third-person",,80,2017,Toys for Bob
Donkey Kong Country 2: Diddy Kong's Quest,90,90,0,84%,SNES,Switch,1995,2023,,4,Finished,1,Yes,Nintendo,Rare,Donkey Kong,"2D, platformer",,,,
Super Metroid,93,96,-3,92%,SNES,Switch,1994,2022,,9,Finished,1,Yes,Nintendo,Nintendo,Metroid,"Platformer, metroidvania, 2D",,,,
Donkey Kong Country,87,93,-6,76%,SNES,Switch,1994,2023,,2,Finished,1,Yes,Nintendo,Rare,Donkey Kong,"2D, platformer",,,,
The Legend of Zelda: A Link to the Past,80,95,-15,57%,SNES,Switch,1991,2023,,6,Dropped,0,No,Nintendo,Nintendo,The Legend of Zelda ,"Adventure, top-down",,,,
Super Mario World,91,94,-3,87%,SNES,Switch,1990,2023,,5,Finished,1,Yes,Nintendo,Nintendo,Super Mario (2D),"2D, platformer",,,,
Tetris,90,90,0,84%,GB,GB,1989,2023,,2,Finished,,No,Nintendo,Nintendo,Tetris,Puzzle,,,,
